{"cameraMode":{"drawMode":0,"name":"Shaded","section":"Shading Mode"},"sceneLighting":true,"audioPlay":false,"sceneViewState":{"m_AlwaysRefresh":false,"showFog":true,"showSkybox":true,"showFlares":true,"showImageEffects":true,"showParticleSystems":true,"showVisualEffectGraphs":true,"m_FxEnabled":true},"in2DMode":false,"pivot":{"x":3.7765889167785646,"y":-3.0754103660583498,"z":2.1370198726654054},"rotation":{"x":0.5141724348068237,"y":-0.0010903311194851995,"z":0.0005522264400497079,"w":0.8577726483345032},"size":10.820974349975586,"orthographic":false}